{
    "outputHeight": 6295.3125,
    "superViewHeight": 629.53125,
    "preview_img": "Templates/1736513286/1736513286.webp",
    "elements": {
        "0": [
            {
                "x": -3.825000000000017,
                "contentMode": 1,
                "y": -3.8249999999999886,
                "height": 637.18125,
                "width": 415.65000000000003,
                "backGroundColor": "#FFFFFF",
                "type": "image",
                "isUserInteractionEnabled": false,
                "url": "Templates/1736513286/images/88357502-CE5C-4B18-BBAB-55BF9918FB71.webp",
                "alpha": 1
            },
            {
                "width": 267.0157068062827,
                "y": 381.62896503162943,
                "isUserInteractionEnabled": true,
                "type": "image",
                "contentMode": 0,
                "backGroundColor": "#00000000",
                "isRemovable": true,
                "isDuplicatable": true,
                "movable": true,
                "alpha": 1,
                "height": 247.129504491715,
                "x": 0.5340314136125528,
                "url": "Templates/1736513286/images/8FA3F9F5-4443-4602-ADC0-2DA33A61B4C7.webp"
            },
            {
                "y": 0.36687523943302836,
                "isRemovable": true,
                "height": 193.1196526624952,
                "x": 185.30890052356023,
                "isDuplicatable": true,
                "width": 222.6910994764398,
                "type": "image",
                "contentMode": 0,
                "backGroundColor": "#00000000",
                "movable": true,
                "isUserInteractionEnabled": true,
                "url": "Templates/1736513286/images/77F2F33A-D795-4949-96DF-563A386286E2.webp",
                "alpha": 1
            },
            {
                "isEditable": true,
                "size": 43.32423909172338,
                "rotationAngle": 0.04880611043742759,
                "alignment": 1,
                "y": -27.67438187881791,
                "movable": true,
                "width": 314.25094698649605,
                "height": 186.1864600927144,
                "fontURL": "AbrilFatface-Regular",
                "isRemovable": true,
                "x": -38.83751537806476,
                "text": "PIZZA Delicious!",
                "isDuplicatable": true,
                "isUserInteractionEnabled": true,
                "alpha": 1,
                "backGroundColor": "#00000000",
                "type": "label"
            },
            {
                "backGroundColor": "#00000000",
                "isUserInteractionEnabled": true,
                "alignment": 1,
                "width": 178.90052356020942,
                "text": "Pizza at it’s",
                "isEditable": true,
                "y": 451.2565445026178,
                "size": 30.38713894589409,
                "textColor": "#FFFFFF",
                "type": "label",
                "fontURL": "Lato-Black",
                "isDuplicatable": true,
                "x": 221.62303664921467,
                "isRemovable": true,
                "alpha": 1,
                "height": 43.2565445026178,
                "movable": true
            },
            {
                "backGroundColor": "#00000000",
                "fontURL": "Lato-Black",
                "width": 178.90052356020942,
                "alignment": 1,
                "textColor": "#FFFFFF",
                "isDuplicatable": true,
                "text": "B E S T !",
                "alpha": 1,
                "height": 71.56020942408377,
                "isRemovable": true,
                "size": 45.27984732732723,
                "movable": true,
                "isUserInteractionEnabled": true,
                "y": 479.0261780104712,
                "type": "label",
                "isEditable": true,
                "x": 221.62303664921467
            },
            {
                "x": 244.05235602094243,
                "movable": true,
                "fontURL": "TimesNewRomanPSMT",
                "isEditable": true,
                "alpha": 1,
                "y": 563.9371727748692,
                "isDuplicatable": true,
                "size": 13.388393374637785,
                "isUserInteractionEnabled": true,
                "backGroundColor": "#00000000",
                "text": "www.restaurant.com",
                "width": 144.18848167539267,
                "textColor": "#FFFFFF",
                "isRemovable": true,
                "alignment": 1,
                "height": 43.79057591623037,
                "type": "label"
            },
            {
                "x": 19.759162303664908,
                "backGroundColor": "#00000000",
                "isUserInteractionEnabled": true,
                "itemNameFontStyle": "Lato-Regular",
                "itemDescriptionFontSize": 5.671413612565445,
                "alpha": 1,
                "movable": true,
                "isDuplicatable": true,
                "y": 215.74869109947647,
                "menuStyle": 6,
                "columnWidth": 32.04188481675393,
                "height": 179.434554973822,
                "itemNameFontSize": 11.34282722513089,
                "itemValueFontStyle": "Lato-Bold",
                "width": 388.24083769633506,
                "isRemovable": true,
                "menuData": [
                    {
                        "itemName": "Margherita",
                        "description": "Tomato sauce, mozzarella, basil",
                        "values": {
                            "1": "$2",
                            "2": "$5",
                            "3": "$7"
                        }
                    },
                    {
                        "itemName": "Pepperoni",
                        "values": {
                            "1": "$5",
                            "2": "$5",
                            "3": "$7"
                        },
                        "description": "Tomato sauce, mozzarella, pepperoni"
                    },
                    {
                        "values": {
                            "1": "$7",
                            "2": "$8",
                            "3": "$9"
                        },
                        "itemName": "Hawaiian",
                        "description": "Tomato sauce, mozzarella, ham, pineapple"
                    },
                    {
                        "values": {
                            "1": "$1",
                            "2": "$1",
                            "3": "$1"
                        },
                        "itemName": "Four Cheese",
                        "description": "Tomato sauce, mozzarella, parmesan, gorgonzola, provolone"
                    },
                    {
                        "itemName": "Mediterranean",
                        "description": "Olive oil, mozzarella, feta, olives, artichokes, spinach",
                        "values": {
                            "1": "$1",
                            "2": "$1",
                            "3": "$1"
                        }
                    },
                    {
                        "description": "Tomato sauce, mozzarella, bell peppers, onions, mushrooms, olives",
                        "values": {
                            "1": "$2",
                            "2": "$3",
                            "3": "$4"
                        },
                        "itemName": "Veggie Delight"
                    },
                    {
                        "description": "Truffle oil, mozzarella, mushrooms, parmesan",
                        "values": {
                            "1": "$3",
                            "2": "$4",
                            "3": "$5"
                        },